iter	RMSE
0	73448.87072
50	56014.76924
100	48167.98943
150	42709.55569
200	38679.14921
250	35868.25149
300	33662.82957
350	31935.51047
400	30015.91782
450	28181.4304
499	26591.93327
