iter	RMSE
0	73436.57557
50	56006.13918
100	48975.63043
150	44179.15512
200	40487.65846
250	37171.56531
300	34780.91668
350	32287.12339
400	29873.04808
450	27716.89724
499	26019.21152
